{
  "users": [
    {
      "steamid": "76561198856798776",
      "communityvisibilitystate": 3,
      "profilestate": 1,
      "personaname": "叙己",
      "commentpermission": 1,
      "profileurl": "https://steamcommunity.com/id/yifanovo/",
      "avatar": "https://avatars.steamstatic.com/c7af6181e6793f2165fd63d76078b745f674c6bf.jpg",
      "avatarmedium": "https://avatars.steamstatic.com/c7af6181e6793f2165fd63d76078b745f674c6bf_medium.jpg",
      "avatarfull": "https://avatars.steamstatic.com/c7af6181e6793f2165fd63d76078b745f674c6bf_full.jpg",
      "avatarhash": "c7af6181e6793f2165fd63d76078b745f674c6bf",
      "lastlogoff": 1714381648,
      "personastate": 1,
      "realname": "Yifan Yu",
      "primaryclanid": "103582791463803414",
      "timecreated": 1535721067,
      "personastateflags": 0,
      "gameextrainfo": "Melvor Idle",
      "gameid": "1267910",
      "loccountrycode": "CN",
      "locstatecode": "07",
      "loccityid": 9971,
      "date": 2074,
      "gameCount": 444,
      "accountValue": 5550,
      "totalGameHours": 69687
    },
    {
      "steamid": "76561199243800576",
      "communityvisibilitystate": 3,
      "profilestate": 1,
      "personaname": "RaeTS",
      "commentpermission": 2,
      "profileurl": "https://steamcommunity.com/profiles/76561199243800576/",
      "avatar": "https://avatars.steamstatic.com/902885a22681dcdae102163cbc852e7c42f4c93d.jpg",
      "avatarmedium": "https://avatars.steamstatic.com/902885a22681dcdae102163cbc852e7c42f4c93d_medium.jpg",
      "avatarfull": "https://avatars.steamstatic.com/902885a22681dcdae102163cbc852e7c42f4c93d_full.jpg",
      "avatarhash": "902885a22681dcdae102163cbc852e7c42f4c93d",
      "lastlogoff": 1713990424,
      "personastate": 0,
      "primaryclanid": "103582791429521408",
      "timecreated": 1644733106,
      "personastateflags": 0,
      "date": 803,
      "gameCount": 37,
      "totalGameHours": 507,
      "accountValue": 56726
    },
    {
      "steamid": "76561199411939366",
      "communityvisibilitystate": 3,
      "profilestate": 1,
      "personaname": "你在",
      "profileurl": "https://steamcommunity.com/id/yifanwow/",
      "avatar": "https://avatars.steamstatic.com/b4122d4babada8818537e8e334d0596283ab4eec.jpg",
      "avatarmedium": "https://avatars.steamstatic.com/b4122d4babada8818537e8e334d0596283ab4eec_medium.jpg",
      "avatarfull": "https://avatars.steamstatic.com/b4122d4babada8818537e8e334d0596283ab4eec_full.jpg",
      "avatarhash": "b4122d4babada8818537e8e334d0596283ab4eec",
      "lastlogoff": 1707152536,
      "personastate": 0,
      "primaryclanid": "103582791429521408",
      "timecreated": 1665983811,
      "personastateflags": 0,
      "date": 560,
      "totalGameHours": 0,
      "accountValue": 0
    },
    {
      "steamid": "76561199006162466",
      "communityvisibilitystate": 3,
      "profilestate": 1,
      "personaname": "鱼背水",
      "commentpermission": 1,
      "profileurl": "https://steamcommunity.com/id/yifanowo/",
      "avatar": "https://avatars.steamstatic.com/83576b84ced2d1aec867e2fff32f12b97566e87c.jpg",
      "avatarmedium": "https://avatars.steamstatic.com/83576b84ced2d1aec867e2fff32f12b97566e87c_medium.jpg",
      "avatarfull": "https://avatars.steamstatic.com/83576b84ced2d1aec867e2fff32f12b97566e87c_full.jpg",
      "avatarhash": "83576b84ced2d1aec867e2fff32f12b97566e87c",
      "lastlogoff": 1707204846,
      "personastate": 0,
      "realname": "余一凡",
      "primaryclanid": "103582791463803414",
      "timecreated": 1575014192,
      "personastateflags": 0,
      "loccountrycode": "CN",
      "locstatecode": "07",
      "loccityid": 9971,
      "date": 1613,
      "gameCount": 41,
      "totalGameHours": 0,
      "accountValue": 41370
    }
  ]
}